-- phpMyAdmin SQL Dump
-- version 4.0.9
-- http://www.phpmyadmin.net
--
-- 主机: 127.0.0.1
-- 生成日期: 2019-12-16 18:37:17
-- 服务器版本: 5.6.14
-- PHP 版本: 5.5.6

SET SQL_MODE = "NO_AUTO_VALUE_ON_ZERO";
SET time_zone = "+00:00";


/*!40101 SET @OLD_CHARACTER_SET_CLIENT=@@CHARACTER_SET_CLIENT */;
/*!40101 SET @OLD_CHARACTER_SET_RESULTS=@@CHARACTER_SET_RESULTS */;
/*!40101 SET @OLD_COLLATION_CONNECTION=@@COLLATION_CONNECTION */;
/*!40101 SET NAMES utf8 */;

--
-- 数据库: `stu_db`
--
CREATE DATABASE IF NOT EXISTS `stu_db` DEFAULT CHARACTER SET utf8 COLLATE utf8_general_ci;
USE `stu_db`;

-- --------------------------------------------------------

--
-- 表的结构 `stuinfo`
--

DROP TABLE IF EXISTS `stuinfo`;
CREATE TABLE IF NOT EXISTS `stuinfo` (
  `id_number` int(15) NOT NULL,
  `name` text NOT NULL,
  `sex` text NOT NULL,
  `ethnic_group` text NOT NULL,
  `birthday` date NOT NULL,
  `political_status` text NOT NULL,
  `identical_card_number` text NOT NULL,
  `phone` text NOT NULL,
  `mail` text NOT NULL,
  `qq` text NOT NULL,
  UNIQUE KEY `id_number` (`id_number`)
) ENGINE=InnoDB DEFAULT CHARSET=utf8;

--
-- 插入之前先把表清空（truncate） `stuinfo`
--

TRUNCATE TABLE `stuinfo`;
--
-- 转存表中的数据 `stuinfo`
--

INSERT INTO `stuinfo` (`id_number`, `name`, `sex`, `ethnic_group`, `birthday`, `political_status`, `identical_card_number`, `phone`, `mail`, `qq`) VALUES
(2016210001, '李立华', '女', '汉族', '2000-02-12', '中共党员', '100000000000000000', '13800000000', 'lilh@163.com', '343726684'),
(2016210002, '王小冬', '男', '满族', '1998-07-02', '共青团员', '100000000000000000', '18800000000', 'wangxd@qq.com', '580358247'),
(2016210003, '蒋宇', '男', '汉族', '1997-12-08', '共青团员', '100000000000000000', '18611110000', 'jiangy@163.com', '2947285935'),
(2016210004, '邓宏琦', '男', '汉族', '1998-05-22', '共青团员', '100000000000000000', '13712345678', 'denghq@qq.com', '5473269821'),
(2016210005, '李晨', '女', '汉族', '1998-04-12', '群众', '100000000000000000', '13603458273', 'lichen@126.com', '3467245745'),
(2016210006, '杨本豪', '男', '汉族', '1999-08-17', '共青团员', '100000000000000000', '18700002222', 'yangbh@qq.com', '347412349'),
(2016210007, '黄永顺', '男', '汉族', '1997-11-24', '共青团员', '100000000000000000', '13953469898', 'huangys@qq.com', '987654321'),
(2016210008, '毛玉婷', '女', '回族', '1999-11-23', '中共预备党员', '100000000000000000', '13199999999', 'maoyt@bupt.edu.cn', '1234567890'),
(2016210009, '陈文祥', '男', '汉族', '1998-10-19', '中共党员', '100000000000000000', '18877776666', 'chenwx@126.com', '222222222'),
(2016210010, '金瑞凯', '男', '汉族', '1998-12-31', '共青团员', '100000000000000000', '18611119999', 'jinrk@163.com', '1235673456'),
(2016210011, '金晓艳', '女', '汉族', '1997-12-07', '共青团员', '100000000000000000', '13266666666', 'jinxy@bupt.edu.cn', '263467933'),
(2016210012, '王平', '男', '汉族', '2000-02-17', '共青团员', '100000000000000000', '13688888888', 'wangping@qq.com', '777777778'),
(2016210013, '蒋莉', '女', '汉族', '1998-03-30', '中共党员', '100000000000000000', '18900000000', 'jiangli@126.com', '123987456'),
(2016210014, '黄生友', '男', '回族', '1998-01-05', '共青团员', '100000000000000000', '18899997777', 'huangsy@bupt.edu.cn', '934583346'),
(2016210015, '毛永江', '男', '汉族', '1998-08-11', '中共预备党员', '100000000000000000', '13755555555', 'maoyj@qq.com', '5832698628'),
(2016210016, '金瑞萍', '女', '汉族', '1998-08-13', '共青团员', '100000000000000000', '18622221111', 'jinrp@qq.com', '999966666'),
(2016210017, '颜俊', '男', '汉族', '1998-03-05', '共青团员', '100000000000000000', '13500001111', 'yanjun@bupt.edu.cn', '3333344444'),
(2016210018, '蔡泽杰', '男', '汉族', '1997-10-03', '群众', '100000000000000000', '18933334444', 'caizj@163.com', '992555589'),
(2016210019, '邓薇', '女', '汉族', '2000-02-11', '共青团员', '100000000000000000', '13400000000', 'dengwei@163.com', '347420890'),
(2016210020, '李慧妮', '女', '汉族', '1999-04-07', '共青团员', '100000000000000000', '13788889999', 'lihuini@bupt.edu.cn', '999999999'),
(2016210021, '李荣杰', '男', '汉族', '1997-07-24', '共青团员', '100000000000000000', '13644442222', 'lirongjie@bupt.edu.cn', '2222244444'),
(2016210022, '周培亮', '男', '回族', '2000-07-04', '群众', '100000000000000000', '18844446666', 'zhoupl@qq.com', '6666666666'),
(2016210023, '谭鹏辉', '男', '汉族', '1998-05-29', '中共党员', '100000000000000000', '18933333333', 'tanph@163.com', '8363694938'),
(2016210024, '杨舒婷', '女', '汉族', '1998-05-07', '共青团员', '100000000000000000', '13288886666', 'yangst@126.com', '630378450'),
(2016210025, '聂丽', '女', '汉族', '1999-01-23', '中共预备党员', '100000000000000000', '18722229999', 'nieli@126.com', '935829163'),
(2016210026, '黄美娟', '女', '汉族', '1998-04-29', '共青团员', '100000000000000000', '13900002222', 'huangmj@126.com', '3856285933'),
(2016210027, '蔡宇', '男', '汉族', '1997-02-26', '共青团员', '100000000000000000', '13855554444', 'caiyu@126.com', '457284629'),
(2016210028, '蒋涛', '男', '汉族', '1997-11-16', '共青团员', '100000000000000000', '13677771111', 'jiangtao@bupt.edu.cn', '8888444444'),
(2016210029, '金鹏', '男', '汉族', '1998-04-25', '共青团员', '100000000000000000', '18623456789', 'jinpeng@qq.com', '1234987655'),
(2016210030, '沈健洲', '男', '汉族', '1999-05-29', '中共预备党员', '100000000000000000', '13709876543', 'shenjz@bupt.edu.cn', '274245084'),
(2016210031, '莫香云', '女', '回族', '1997-11-10', '共青团员', '100000000000000000', '13512345678', 'moxy@qq.com', '2345654329'),
(2016210032, '陈晶', '女', '汉族', '1998-01-01', '共青团员', '100000000000000000', '13245678765', 'chenjing@163.com', '8989898989'),
(2016210033, '鲁艺', '女', '汉族', '1998-08-11', '共青团员', '100000000000000000', '13678907654', 'luyi@163.com', '3456798743'),
(2016210034, '章琪', '女', '汉族', '1998-01-18', '中共预备党员', '100000000000000000', '13923458765', 'zhangqi@bupt.edu.cn', '3078954239'),
(2016210035, '毛原', '男', '满族', '1997-09-17', '共青团员', '100000000000000000', '18533333333', 'maoyuan@qq.com', '874542568'),
(2016210036, '任谦', '男', '汉族', '1999-03-11', '共青团员', '100000000000000000', '18500111122', 'renqian@qq.com', '895383571'),
(2016210037, '杨薇', '女', '汉族', '1997-01-28', '共青团员', '100000000000000000', '13578901234', 'yangwei@163.com', '742194527'),
(2016210038, '何钱', '男', '汉族', '1998-03-24', '共青团员', '100000000000000000', '13676549876', 'heqian@163.com', '2222009966'),
(2016210039, '蔡忆罗', '女', '汉族', '1998-06-28', '共青团员', '100000000000000000', '18834560987', 'caiyl@qq.com', '621458565'),
(2016210040, '毛湘', '女', '汉族', '1996-07-08', '共青团员', '100000000000000000', '13427272727', 'maoxiang@bupt.edu.cn', '3636363636'),
(2016210041, '杨建威', '男', '汉族', '1998-08-20', '中共党员', '100000000000000000', '18766662323', 'yangjw@qq.com', '9595959595'),
(2016210042, '黄伍', '男', '汉族', '1999-08-17', '共青团员', '100000000000000000', '13724242424', 'huangwu@126.com', '4646797979'),
(2016210043, '黄江东', '男', '汉族', '1997-01-09', '中共预备党员', '100000000000000000', '13277779999', 'huangjd@163.com', '787878788787'),
(2016210044, '任泽东', '男', '汉族', '1998-05-22', '共青团员', '100000000000000000', '18923456798', 'renzd@bupt.edu.cn', '6666252525'),
(2016210045, '杨楠', '女', '回族', '1997-05-31', '共青团员', '100000000000000000', '13820202020', 'yangnan@qq.com', '2828292929'),
(2016210046, '杨祖顺', '男', '汉族', '1996-11-13', '共青团员', '100000000000000000', '13579798989', 'yangzs@bupt.edu.cn', '506695493'),
(2016210047, '陈光景', '男', '满族', '1997-12-29', '共青团员', '100000000000000000', '13247474747', 'chengj@126.com', '3809752711'),
(2016210048, '江晓', '男', '汉族', '1998-11-20', '共青团员', '100000000000000000', '13676767575', 'jiangxiao@126.com', '5757575757'),
(2016210049, '沈丽爱', '女', '汉族', '1998-06-20', '共青团员', '100000000000000000', '13590909090', 'shenla@163.com', '6363434343'),
(2016210050, '周杰', '男', '汉族', '1997-12-20', '共青团员', '100000000000000000', '18841414141', 'zhoujie@qq.com', '707070707'),
(2016210051, '何阳', '男', '汉族', '1997-10-13', '中共党员', '100000000000000000', '13830303030', 'heyang@qq.com', '479479479'),
(2016210052, '曹萱萱', '女', '汉族', '1998-01-05', '共青团员', '100000000000000000', '18675767576', 'caoxuan@126.com', '123123123'),
(2016210053, '钟子杰', '男', '汉族', '1998-02-05', '共青团员', '100000000000000000', '13656567676', 'zhongzj@126.com', '897897897'),
(2016210054, '雷晓阳', '男', '汉族', '1999-03-24', '共青团员', '100000000000000000', '18969896989', 'leixy@qq.com', '2485685554'),
(2016210055, '王子云', '男', '汉族', '1997-09-25', '共青团员', '100000000000000000', '13732323232', 'wangzy@126.com', '476597904'),
(2016210056, '张淼淼', '女', '汉族', '1997-11-02', '共青团员', '100000000000000000', '13642111111', 'zhangmm@bupt.edu.cn', '7765432199'),
(2016210057, '刘子珺', '女', '汉族', '1998-03-31', '共青团员', '100000000000000000', '13468906890', 'liuzj@126.com', '2342342346'),
(2016210058, '凌潇潇', '女', '汉族', '1998-04-16', '群众', '100000000000000000', '13546784678', 'lingxiao@bupt.edu.cn', '8585585858'),
(2016210059, '田明', '男', '汉族', '1999-07-13', '共青团员', '100000000000000000', '13875687568', 'tianming@bupt.edu.cn', '137137137'),
(2016210060, '章照', '男', '汉族', '2000-02-18', '共青团员', '100000000000000000', '13699009900', 'zhangzhao@qq.com', '6868868600');

-- --------------------------------------------------------

--
-- 表的结构 `stumajor`
--

DROP TABLE IF EXISTS `stumajor`;
CREATE TABLE IF NOT EXISTS `stumajor` (
  `id_number` int(15) NOT NULL,
  `degree` text NOT NULL,
  `time` int(11) NOT NULL,
  `academy` text NOT NULL,
  `major` text NOT NULL,
  `class` int(15) NOT NULL,
  PRIMARY KEY (`id_number`)
) ENGINE=InnoDB DEFAULT CHARSET=utf8;

--
-- 插入之前先把表清空（truncate） `stumajor`
--

TRUNCATE TABLE `stumajor`;
--
-- 转存表中的数据 `stumajor`
--

INSERT INTO `stumajor` (`id_number`, `degree`, `time`, `academy`, `major`, `class`) VALUES
(2016210001, '本科', 4, '信息与通信工程', '信息工程', 2016211101),
(2016210002, '本科', 4, '信息与通信工程', '信息工程', 2016211101),
(2016210003, '本科', 4, '信息与通信工程', '信息工程', 2016211101),
(2016210004, '本科', 4, '信息与通信工程', '信息工程', 2016211101),
(2016210005, '本科', 4, '信息与通信工程', '信息工程', 2016211101),
(2016210006, '本科', 3, '信息与通信工程', '信息工程', 2016211101),
(2016210007, '本科', 4, '信息与通信工程', '信息工程', 2016211101),
(2016210008, '本科', 4, '信息与通信工程', '信息工程', 2016211101),
(2016210009, '本科', 4, '信息与通信工程', '信息工程', 2016211101),
(2016210010, '本科', 4, '信息与通信工程', '信息工程', 2016211101),
(2016210011, '本科', 4, '信息与通信工程', '通信工程', 2016211102),
(2016210012, '本科', 4, '信息与通信工程', '通信工程', 2016211102),
(2016210013, '本科', 4, '信息与通信工程', '通信工程', 2016211102),
(2016210014, '本科', 4, '信息与通信工程', '通信工程', 2016211102),
(2016210015, '本科', 4, '信息与通信工程', '通信工程', 2016211102),
(2016210016, '本科', 4, '信息与通信工程', '通信工程', 2016211102),
(2016210017, '本科', 4, '信息与通信工程', '通信工程', 2016211102),
(2016210018, '本科', 4, '信息与通信工程', '通信工程', 2016211102),
(2016210019, '本科', 4, '信息与通信工程', '通信工程', 2016211102),
(2016210020, '本科', 4, '信息与通信工程', '通信工程', 2016211102),
(2016210021, '本科', 5, '信息与通信工程', '通信工程', 2016211103),
(2016210022, '本科', 4, '信息与通信工程', '通信工程', 2016211103),
(2016210023, '本科', 4, '信息与通信工程', '通信工程', 2016211103),
(2016210024, '本科', 4, '信息与通信工程', '通信工程', 2016211103),
(2016210025, '本科', 4, '信息与通信工程', '通信工程', 2016211103),
(2016210026, '本科', 4, '信息与通信工程', '通信工程', 2016211103),
(2016210027, '本科', 4, '信息与通信工程', '通信工程', 2016211103),
(2016210028, '本科', 3, '信息与通信工程', '通信工程', 2016211103),
(2016210029, '本科', 4, '信息与通信工程', '通信工程', 2016211103),
(2016210030, '本科', 4, '信息与通信工程', '通信工程', 2016211103),
(2016210031, '本科', 4, '信息与通信工程', '电子信息工程', 2016211104),
(2016210032, '本科', 4, '信息与通信工程', '电子信息工程', 2016211104),
(2016210033, '本科', 4, '信息与通信工程', '电子信息工程', 2016211104),
(2016210034, '本科', 4, '信息与通信工程', '电子信息工程', 2016211104),
(2016210035, '本科', 4, '信息与通信工程', '电子信息工程', 2016211104),
(2016210036, '本科', 4, '信息与通信工程', '电子信息工程', 2016211104),
(2016210037, '本科', 4, '信息与通信工程', '电子信息工程', 2016211104),
(2016210038, '本科', 4, '信息与通信工程', '电子信息工程', 2016211104),
(2016210039, '本科', 4, '信息与通信工程', '电子信息工程', 2016211104),
(2016210040, '本科', 4, '信息与通信工程', '电子信息工程', 2016211104),
(2016210041, '本科', 4, '数字媒体与设计艺术', '工业设计', 2016211105),
(2016210042, '本科', 4, '数字媒体与设计艺术', '工业设计', 2016211105),
(2016210043, '本科', 4, '数字媒体与设计艺术', '工业设计', 2016211105),
(2016210044, '本科', 3, '数字媒体与设计艺术', '工业设计', 2016211105),
(2016210045, '本科', 4, '数字媒体与设计艺术', '数字媒体技术', 2016211105),
(2016210046, '本科', 4, '数字媒体与设计艺术', '数字媒体技术', 2016211105),
(2016210047, '本科', 4, '数字媒体与设计艺术', '数字媒体技术', 2016211105),
(2016210048, '本科', 4, '数字媒体与设计艺术', '数字媒体艺术', 2016211105),
(2016210049, '本科', 4, '数字媒体与设计艺术', '数字媒体艺术', 2016211105),
(2016210050, '本科', 5, '数字媒体与设计艺术', '数字媒体艺术', 2016211105),
(2016210051, '本科', 4, '计算机', '计算机科学与技术', 2016211106),
(2016210052, '本科', 4, '计算机', '计算机科学与技术', 2016211106),
(2016210053, '本科', 4, '计算机', '计算机科学与技术', 2016211106),
(2016210054, '本科', 4, '计算机', '计算机科学与技术', 2016211106),
(2016210055, '本科', 5, '计算机', '计算机科学与技术', 2016211106),
(2016210056, '本科', 4, '计算机', '计算机科学与技术', 2016211106),
(2016210057, '本科', 5, '计算机', '计算机科学与技术', 2016211106),
(2016210058, '本科', 3, '计算机', '计算机科学与技术', 2016211106),
(2016210059, '本科', 4, '计算机', '计算机科学与技术', 2016211106),
(2016210060, '本科', 4, '计算机', '计算机科学与技术', 2016211106);

-- --------------------------------------------------------

--
-- 表的结构 `stuscore`
--

DROP TABLE IF EXISTS `stuscore`;
CREATE TABLE IF NOT EXISTS `stuscore` (
  `student_id` int(15) NOT NULL,
  `class_id` text NOT NULL,
  `score` int(4) NOT NULL
) ENGINE=InnoDB DEFAULT CHARSET=utf8;

--
-- 插入之前先把表清空（truncate） `stuscore`
--

TRUNCATE TABLE `stuscore`;
--
-- 转存表中的数据 `stuscore`
--

INSERT INTO `stuscore` (`student_id`, `class_id`, `score`) VALUES
(2016210001, '通信原理', 79),
(2016210002, '通信原理', 81),
(2016210003, '通信原理', 92),
(2016210004, '通信原理', 85),
(2016210005, '通信原理', 96),
(2016210006, '通信原理', 89),
(2016210007, '通信原理', 75),
(2016210008, '通信原理', 91),
(2016210009, '通信原理', 91),
(2016210010, '通信原理', 74),
(2016210011, '通信原理', 84),
(2016210012, '通信原理', 93),
(2016210013, '通信原理', 79),
(2016210014, '通信原理', 67),
(2016210015, '通信原理', 91),
(2016210016, '通信原理', 90),
(2016210017, '通信原理', 73),
(2016210018, '通信原理', 80),
(2016210019, '通信原理', 92),
(2016210020, '通信原理', 95),
(2016210021, '通信原理', 85),
(2016210022, '通信原理', 60),
(2016210023, '通信原理', 73),
(2016210024, '通信原理', 99),
(2016210025, '通信原理', 81),
(2016210026, '通信原理', 90),
(2016210027, '通信原理', 46),
(2016210028, '通信原理', 82),
(2016210029, '通信原理', 87),
(2016210030, '通信原理', 96),
(2016210031, '通信原理', 97),
(2016210032, '通信原理', 84),
(2016210033, '通信原理', 88),
(2016210034, '通信原理', 78),
(2016210035, '通信原理', 55),
(2016210036, '通信原理', 86),
(2016210037, '通信原理', 94),
(2016210038, '通信原理', 97),
(2016210039, '通信原理', 89),
(2016210040, '通信原理', 61),
(2016210041, '通信原理', 75),
(2016210042, '通信原理', 57),
(2016210043, '通信原理', 87),
(2016210044, '通信原理', 81),
(2016210045, '通信原理', 69),
(2016210046, '通信原理', 77),
(2016210047, '通信原理', 89),
(2016210048, '通信原理', 91),
(2016210049, '通信原理', 49),
(2016210050, '通信原理', 67),
(2016210051, '通信原理', 76),
(2016210052, '通信原理', 88),
(2016210053, '通信原理', 87),
(2016210054, '通信原理', 82),
(2016210055, '通信原理', 90),
(2016210056, '通信原理', 71),
(2016210057, '通信原理', 90),
(2016210058, '通信原理', 93),
(2016210059, '通信原理', 84),
(2016210060, '通信原理', 98),
(2016210001, '数据结构', 78),
(2016210002, '数据结构', 83),
(2016210003, '数据结构', 69),
(2016210004, '数据结构', 79),
(2016210005, '数据结构', 78),
(2016210006, '数据结构', 88),
(2016210007, '数据结构', 91),
(2016210008, '数据结构', 92),
(2016210009, '数据结构', 90),
(2016210010, '数据结构', 74),
(2016210011, '数据结构', 86),
(2016210012, '数据结构', 49),
(2016210013, '数据结构', 75),
(2016210014, '数据结构', 89),
(2016210015, '数据结构', 89),
(2016210016, '数据结构', 72),
(2016210017, '数据结构', 43),
(2016210018, '数据结构', 66),
(2016210019, '数据结构', 87),
(2016210020, '数据结构', 71),
(2016210021, '数据结构', 97),
(2016210022, '数据结构', 93),
(2016210023, '数据结构', 89),
(2016210024, '数据结构', 86),
(2016210025, '数据结构', 85),
(2016210026, '数据结构', 77),
(2016210027, '数据结构', 94),
(2016210028, '数据结构', 78),
(2016210029, '数据结构', 63),
(2016210030, '数据结构', 88),
(2016210031, '数据结构', 91),
(2016210032, '数据结构', 90),
(2016210033, '数据结构', 82),
(2016210034, '数据结构', 86),
(2016210035, '数据结构', 72),
(2016210036, '数据结构', 55),
(2016210037, '数据结构', 93),
(2016210038, '数据结构', 68),
(2016210039, '数据结构', 99),
(2016210040, '数据结构', 79),
(2016210041, '数据结构', 91),
(2016210042, '数据结构', 95),
(2016210043, '数据结构', 90),
(2016210044, '数据结构', 52),
(2016210045, '数据结构', 67),
(2016210046, '数据结构', 93),
(2016210047, '数据结构', 91),
(2016210048, '数据结构', 74),
(2016210049, '数据结构', 82),
(2016210050, '数据结构', 79),
(2016210051, '数据结构', 98),
(2016210052, '数据结构', 96),
(2016210053, '数据结构', 83),
(2016210054, '数据结构', 74),
(2016210055, '数据结构', 89),
(2016210056, '数据结构', 88),
(2016210057, '数据结构', 85),
(2016210058, '数据结构', 82),
(2016210059, '数据结构', 95),
(2016210060, '数据结构', 75),
(2016210001, '计算机网络', 91),
(2016210002, '计算机网络', 83),
(2016210003, '计算机网络', 71),
(2016210004, '计算机网络', 69),
(2016210005, '计算机网络', 83),
(2016210006, '计算机网络', 98),
(2016210007, '计算机网络', 93),
(2016210008, '计算机网络', 79),
(2016210009, '计算机网络', 90),
(2016210010, '计算机网络', 82),
(2016210011, '计算机网络', 56),
(2016210012, '计算机网络', 67),
(2016210013, '计算机网络', 82),
(2016210014, '计算机网络', 45),
(2016210015, '计算机网络', 75),
(2016210016, '计算机网络', 94),
(2016210017, '计算机网络', 97),
(2016210018, '计算机网络', 84),
(2016210019, '计算机网络', 89),
(2016210020, '计算机网络', 79),
(2016210021, '计算机网络', 73),
(2016210022, '计算机网络', 90),
(2016210023, '计算机网络', 75),
(2016210024, '计算机网络', 92),
(2016210025, '计算机网络', 88),
(2016210026, '计算机网络', 84),
(2016210027, '计算机网络', 85),
(2016210028, '计算机网络', 87),
(2016210029, '计算机网络', 91),
(2016210030, '计算机网络', 81),
(2016210031, '计算机网络', 93),
(2016210032, '计算机网络', 90),
(2016210033, '计算机网络', 82),
(2016210034, '计算机网络', 69),
(2016210035, '计算机网络', 78),
(2016210036, '计算机网络', 94),
(2016210037, '计算机网络', 95),
(2016210038, '计算机网络', 85),
(2016210039, '计算机网络', 77),
(2016210040, '计算机网络', 78),
(2016210041, '计算机网络', 86),
(2016210042, '计算机网络', 89),
(2016210043, '计算机网络', 82),
(2016210044, '计算机网络', 90),
(2016210045, '计算机网络', 93),
(2016210046, '计算机网络', 84),
(2016210047, '计算机网络', 91),
(2016210048, '计算机网络', 88),
(2016210049, '计算机网络', 89),
(2016210050, '计算机网络', 84),
(2016210051, '计算机网络', 77),
(2016210052, '计算机网络', 92),
(2016210053, '计算机网络', 98),
(2016210054, '计算机网络', 76),
(2016210055, '计算机网络', 89),
(2016210056, '计算机网络', 85),
(2016210057, '计算机网络', 65),
(2016210058, '计算机网络', 49),
(2016210059, '计算机网络', 72),
(2016210060, '计算机网络', 74);

/*!40101 SET CHARACTER_SET_CLIENT=@OLD_CHARACTER_SET_CLIENT */;
/*!40101 SET CHARACTER_SET_RESULTS=@OLD_CHARACTER_SET_RESULTS */;
/*!40101 SET COLLATION_CONNECTION=@OLD_COLLATION_CONNECTION */;
